"Name","Category","Antiquarian_Description","Idle_Income","Generation_Prompt"
"Rusted Broadsword","Obvious","A common sword. Has seen better days, but testifies to the martial past of the upper levels. Good iron.","2 Gold/h","Isometric fantasy concept art of a highly rusted antique broadsword resting on a dark red velvet pedestal. Warm dusty golden lighting, dark stone background, stylized realism, 4k resolution."
"Gold Pince-nez","Obvious","Reading glasses designed to pinch the nose without temples. The lenses are surprisingly clear. Someone did a lot of reading down here.","3 Gold/h","Isometric fantasy concept art of antique gold pince-nez reading glasses resting on a dark red velvet pedestal. Warm dusty golden lighting, dark stone background, stylized realism, 4k resolution."
"Dusty Grimoire","Obvious","A heavy book bound in splintered leather. The pages are damp and smell of mold; the writing is barely legible.","4 Gold/h","Isometric fantasy concept art of a thick dusty leather-bound spellbook resting on a dark red velvet pedestal. Warm dusty golden lighting, dark stone background, stylized realism, 4k resolution."
"Dented Top Hat","Obvious","A formal hat for gentlemen. Someone must have descended into these vaults in full evening attire.","2 Gold/h","Isometric fantasy concept art of a battered antique black top hat resting on a dark red velvet pedestal. Warm dusty golden lighting, dark stone background, stylized realism, 4k resolution."
"Brass Compass","Obvious","A nautical instrument. However, the needle spins wildly. The magnetic fields down here are completely corrupted.","5 Gold/h","Isometric fantasy concept art of an ornate brass compass with a spinning needle resting on a dark red velvet pedestal. Warm dusty golden lighting, dark stone background, stylized realism, 4k resolution."
"Silver Goblet","Obvious","A drinking vessel made of pure silver, tarnished and scratched. Likely the loot of a long-dead thief.","6 Gold/h","Isometric fantasy concept art of a tarnished silver drinking goblet resting on a dark red velvet pedestal. Warm dusty golden lighting, dark stone background, stylized realism, 4k resolution."
"Heavy Pocket Watch","Obvious","A stopped mechanical watch. Curiously, the dial has 13 hours instead of 12.","7 Gold/h","Isometric fantasy concept art of an intricate antique pocket watch resting on a dark red velvet pedestal. Warm dusty golden lighting, dark stone background, stylized realism, 4k resolution."
"Ornate Tobacco Pipe","Obvious","A pipe carved from meerschaum in the shape of a dragon's head. Still smells faintly of dried herbs.","3 Gold/h","Isometric fantasy concept art of an ornate carved meerschaum tobacco pipe resting on a dark red velvet pedestal. Warm dusty golden lighting, dark stone background, stylized realism, 4k resolution."
"Large Wax Seal","Obvious","A massive copper stamp. The crest depicts a screaming tree. A long-forgotten noble family.","4 Gold/h","Isometric fantasy concept art of a heavy copper wax seal stamp resting on a dark red velvet pedestal. Warm dusty golden lighting, dark stone background, stylized realism, 4k resolution."
"Copper Coin","Obvious","A chunky, square coin. The face engraved on it is worn beyond recognition.","1 Gold/h","Isometric fantasy concept art of a chunky square antique copper coin resting on a dark red velvet pedestal. Warm dusty golden lighting, dark stone background, stylized realism, 4k resolution."
"Dusty Spyglass","Obvious","A collapsible brass telescope. Absolutely useless in the dark underground—a tragic find.","5 Gold/h","Isometric fantasy concept art of a collapsed brass spyglass telescope resting on a dark red velvet pedestal. Warm dusty golden lighting, dark stone background, stylized realism, 4k resolution."
"Colorful Quill","Obvious","The feather of a giant, exotic bird with a golden nib. The ink on it is pitch black and smells of sulfur.","2 Gold/h","Isometric fantasy concept art of an exotic brightly colored quill pen with a gold nib resting on a dark red velvet pedestal. Warm dusty golden lighting, dark stone background, stylized realism, 4k resolution."
"Broken Oil Lamp","Obvious","A ceramic lamp. The wick is burnt out. Whoever held it was evidently swallowed by the dark.","3 Gold/h","Isometric fantasy concept art of a cracked ceramic oil lamp resting on a dark red velvet pedestal. Warm dusty golden lighting, dark stone background, stylized realism, 4k resolution."
"Patched Rag Doll","Mysterious","A roughly stitched doll with button eyes. Something hard and cold is sewn into its belly. I'd better not open it.","8 Gold/h","Isometric fantasy concept art of a creepy patched burlap rag doll with button eyes resting on a dark red velvet pedestal. Warm dusty golden lighting, dark stone background, stylized realism, 4k resolution."
"Gear Casket","Mysterious","A solid wooden cube full of interlocking gears. There is no keyhole. Sometimes it clicks all by itself.","12 Gold/h","Isometric fantasy concept art of a strange wooden puzzle box completely covered in brass gears resting on a dark red velvet pedestal. Warm dusty golden lighting, dark stone background, stylized realism, 4k resolution."
"Crystal Tube Apparatus","Mysterious","A tangled web of glass tubes and purple crystals. Perhaps a device for distilling magic? Or a very complicated hookah.","15 Gold/h","Isometric fantasy concept art of a complex scientific instrument made of glass tubes and glowing purple crystals resting on a dark red velvet pedestal. Warm dusty golden lighting, dark stone background, stylized realism, 4k resolution."
"Clockwork Globe","Mysterious","A small copper globe driven by an internal clockwork mechanism. The continents depicted on it exist on no map known to me.","10 Gold/h","Isometric fantasy concept art of a ticking clockwork copper globe depicting an alien map resting on a dark red velvet pedestal. Warm dusty golden lighting, dark stone background, stylized realism, 4k resolution."
"Porcelain Mask","Mysterious","A smooth white half-mask. Sharp iron wires are attached to the inside, which must have dug deep into the wearer's face.","9 Gold/h","Isometric fantasy concept art of a smooth white porcelain mask with sharp iron wires on the inside resting on a dark red velvet pedestal. Warm dusty golden lighting, dark stone background, stylized realism, 4k resolution."
"Glowing Resin Egg","Mysterious","A massive piece of amber. Instead of a fly, a tiny, perfectly preserved human eye is trapped in the center.","18 Gold/h","Isometric fantasy concept art of a giant glowing amber egg with a tiny human eye trapped inside resting on a dark red velvet pedestal. Warm dusty golden lighting, dark stone background, stylized realism, 4k resolution."
"Onyx Obelisk","Mysterious","A miniature, pitch-black tower. Touching it sends an extreme shiver of cold and brings the sound of whispering water.","14 Gold/h","Isometric fantasy concept art of a miniature pitch-black onyx obelisk resting on a dark red velvet pedestal. Warm dusty golden lighting, dark stone background, stylized realism, 4k resolution."
"Mechanical Scarab","Mysterious","A jewel in the shape of a beetle. It has tiny hinges on its legs. A toy of the rich or an alchemist's spy?","11 Gold/h","Isometric fantasy concept art of a mechanical scarab beetle made of gold and lapis lazuli resting on a dark red velvet pedestal. Warm dusty golden lighting, dark stone background, stylized realism, 4k resolution."
"Smoke Vial","Mysterious","A sealed glass vial. Inside, a dense purple smoke swirls incessantly, as if a storm were trapped within.","16 Gold/h","Isometric fantasy concept art of a sealed glass vial filled with swirling purple storm clouds resting on a dark red velvet pedestal. Warm dusty golden lighting, dark stone background, stylized realism, 4k resolution."
"Asymmetrical Astrolabe","Mysterious","A navigational device for measuring stars, but the disks are elliptical and warped. Made for a sky with three moons.","13 Gold/h","Isometric fantasy concept art of a bizarre asymmetrical brass astrolabe resting on a dark red velvet pedestal. Warm dusty golden lighting, dark stone background, stylized realism, 4k resolution."
"Humming Iron Cube","Mysterious","A heavy, smooth block of cast iron. It vibrates gently and emits a low tone that causes headaches.","10 Gold/h","Isometric fantasy concept art of a heavy smooth iron cube emitting a faint distortion resting on a dark red velvet pedestal. Warm dusty golden lighting, dark stone background, stylized realism, 4k resolution."
"Doorless Birdcage","Mysterious","A golden cage without any opening. The skeleton of an unknown, multi-winged bird sits on the perch. How did it get in?","17 Gold/h","Isometric fantasy concept art of a golden birdcage with no doors containing a multi-winged skeleton resting on a dark red velvet pedestal. Warm dusty golden lighting, dark stone background, stylized realism, 4k resolution."
"Mirror Claw","Mysterious","A crusted bronze gauntlet whose fingertips are small, perfectly polished mirrors. For blind scholars?","12 Gold/h","Isometric fantasy concept art of a bronze gauntlet with mirror-polished fingertips resting on a dark red velvet pedestal. Warm dusty golden lighting, dark stone background, stylized realism, 4k resolution."
"Rune Slab","Mysterious","A thick slate tablet. The carved runes change their position daily, as if wandering across the stone.","14 Gold/h","Isometric fantasy concept art of a thick slate tablet covered in glowing shifting runes resting on a dark red velvet pedestal. Warm dusty golden lighting, dark stone background, stylized realism, 4k resolution."
"Two-Handed Ritual Idol","Misinterpreted (Game Controller)","A religious artifact meant for two hands. By pressing the colored buttons, the priest must have issued commands to the gods.","25 Gold/h","Isometric fantasy concept art of a PlayStation game controller presented as a mysterious holy relic resting on a dark red velvet pedestal. Warm dusty golden lighting, dark stone background, stylized realism, 4k resolution."
"Amulet of Forgetting","Misinterpreted (Floppy Disk)","A rigid, flat square made of very light material. A small metal plate rattles inside. A talisman to magically lock away thoughts.","20 Gold/h","Isometric fantasy concept art of a 3.5 inch floppy disk presented as an arcane artifact resting on a dark red velvet pedestal. Warm dusty golden lighting, dark stone background, stylized realism, 4k resolution."
"Demon Catcher","Misinterpreted (Tennis Racket)","An oval frame with a tightly stretched net on a long handle. Evidently used to strike evil spirits out of the air mid-leap.","18 Gold/h","Isometric fantasy concept art of a wooden tennis racket presented as a magical dreamcatcher resting on a dark red velvet pedestal. Warm dusty golden lighting, dark stone background, stylized realism, 4k resolution."
"Monolith of Vanity","Misinterpreted (Smartphone)","A pitch-black hand mirror made of glass and strange metal. You only see your own face in it. A tool of extreme narcissism.","35 Gold/h","Isometric fantasy concept art of a cracked smartphone presented as an evil black glass mirror resting on a dark red velvet pedestal. Warm dusty golden lighting, dark stone background, stylized realism, 4k resolution."
"Vacuum Glass Drop","Misinterpreted (Lightbulb)","An incredibly delicate glass drop. Tiny iron wires rise up inside. Probably the housing for a banished light spirit.","22 Gold/h","Isometric fantasy concept art of a classic lightbulb presented as a magical spirit trap resting on a dark red velvet pedestal. Warm dusty golden lighting, dark stone background, stylized realism, 4k resolution."
"Alchemical Brew Reactor","Misinterpreted (Drip Coffee Maker)","A strange apparatus of glass and dark synthetic material. Apparently, hot water was used here to brew black, invigorating elixirs.","28 Gold/h","Isometric fantasy concept art of a modern drip coffee maker presented as a complex alchemical apparatus resting on a dark red velvet pedestal. Warm dusty golden lighting, dark stone background, stylized realism, 4k resolution."
"Helm of Blindness","Misinterpreted (VR Headset)","A bulky visor that completely covers the eyes. A torture instrument to lock delinquents in absolute, terrifying darkness.","40 Gold/h","Isometric fantasy concept art of a bulky VR headset presented as a torture blindfold mask resting on a dark red velvet pedestal. Warm dusty golden lighting, dark stone background, stylized realism, 4k resolution."
"Iridescent Throwing Disc","Misinterpreted (CD/DVD)","A razor-sharp, flawless disc with a hole in the middle. It catches rainbows in the light. Likely belonged to a very extravagant assassin.","19 Gold/h","Isometric fantasy concept art of a shiny CD disc catching rainbow reflections presented as a deadly throwing star resting on a dark red velvet pedestal. Warm dusty golden lighting, dark stone background, stylized realism, 4k resolution."
"Colorful Cube of Madness","Misinterpreted (Rubik's Cube)","A plastic block whose sides can be rotated. The colors are scrambled. Whoever tries to order it inevitably loses their mind.","30 Gold/h","Isometric fantasy concept art of a Rubiks Cube presented as a maddening puzzle box resting on a dark red velvet pedestal. Warm dusty golden lighting, dark stone background, stylized realism, 4k resolution."
"Squeaking Yellow Idol","Misinterpreted (Rubber Duck)","A small, soft animal idol in bright yellow. When squeezed, it lets out a pitiful cry. Probably served in dark sacrificial bathing rituals.","24 Gold/h","Isometric fantasy concept art of a yellow rubber duck presented as a cursed tribal idol resting on a dark red velvet pedestal. Warm dusty golden lighting, dark stone background, stylized realism, 4k resolution."
"Board of a Hundred Runes","Misinterpreted (Keyboard)","A flat board with over a hundred individually pressable switches, printed with arcane symbols (W, A, S, D). The control unit of a mighty golem.","32 Gold/h","Isometric fantasy concept art of a mechanical computer keyboard presented as an ancient runic control board resting on a dark red velvet pedestal. Warm dusty golden lighting, dark stone background, stylized realism, 4k resolution."
"Soft-Glass Amphora","Misinterpreted (PET Water Bottle)","A transparent bottle that can be squeezed without breaking. A technological marvel of glassblowing!","15 Gold/h","Isometric fantasy concept art of a crumpled plastic water bottle presented as an indestructible glass amphora resting on a dark red velvet pedestal. Warm dusty golden lighting, dark stone background, stylized realism, 4k resolution."
"Acoustic Shackle","Misinterpreted (Wired Earbuds)","Two tiny plugs on an infinitely tangled white rope. They were put into the ears to bind the wearer to the rope, forcing obedience.","21 Gold/h","Isometric fantasy concept art of tangled wired earbuds presented as magical acoustic bindings resting on a dark red velvet pedestal. Warm dusty golden lighting, dark stone background, stylized realism, 4k resolution."
"Name","Category","Antiquarian_Description","Idle_Income","Generation_Prompt"
"Pulsing Glass Chrysalis","Mysterious (Organic)","A translucent cocoon made of what feels like warm glass. Something inside is slowly pulsing with a faint blue light. I dare not tap the surface.","25 Gold/h","Isometric fantasy concept art of a translucent glass chrysalis pulsing with inner blue light resting on a dark red velvet pedestal. Warm dusty golden lighting, dark stone background, stylized realism, 4k resolution."
"Petrified Clockwork Heart","Mysterious (Organic)","An anatomical heart turned to stone, but an unknown surgeon has grafted intricate brass gears into the ventricles. It still ticks faintly.","30 Gold/h","Isometric fantasy concept art of a petrified anatomical heart grafted with intricate ticking brass gears resting on a dark red velvet pedestal. Warm dusty golden lighting, dark stone background, stylized realism, 4k resolution."
"Bioluminescent Terrarium","Mysterious (Organic)","A sealed glass dome containing strange, pale fungi. They cast an eerie, cold green glow and seem to lean towards whoever is watching them.","18 Gold/h","Isometric fantasy concept art of a sealed glass dome containing glowing pale green fungi resting on a dark red velvet pedestal. Warm dusty golden lighting, dark stone background, stylized realism, 4k resolution."
"Chitinous Puzzle Sphere","Mysterious (Organic)","A sphere made of interlocking insectoid shell fragments. It feels uncomfortably warm, and the segments shift slightly when I am not looking.","22 Gold/h","Isometric fantasy concept art of a sphere made of interlocking dark iridescent insect carapace resting on a dark red velvet pedestal. Warm dusty golden lighting, dark stone background, stylized realism, 4k resolution."
"Amber-Sealed Tentacle","Mysterious (Organic)","A massive block of golden amber containing a severed, multi-suckered appendage. The suckers are lined with razor-sharp teeth.","28 Gold/h","Isometric fantasy concept art of a massive block of golden amber containing a severed toothed tentacle resting on a dark red velvet pedestal. Warm dusty golden lighting, dark stone background, stylized realism, 4k resolution."
"Breathing Wood Mask","Mysterious (Organic)","A ceremonial mask carved from pale ironwood. Occasionally, the wood expands and contracts rhythmically, as if inhaling the dusty air.","20 Gold/h","Isometric fantasy concept art of a ceremonial mask carved from pale porous wood resting on a dark red velvet pedestal. Warm dusty golden lighting, dark stone background, stylized realism, 4k resolution."
"Geode Skull","Mysterious (Organic)","An elongated humanoid skull. The cranium is cracked open, revealing that the brain cavity is entirely filled with jagged, glowing amethyst crystals.","35 Gold/h","Isometric fantasy concept art of an elongated humanoid skull cracked open to reveal glowing amethyst crystals inside resting on a dark red velvet pedestal. Warm dusty golden lighting, dark stone background, stylized realism, 4k resolution."
"Autonomous Bone Flute","Mysterious (Organic)","A flute carved from a massive, unidentified femur. When left alone, a spectral wind blows through it, playing a haunting, atonal melody.","19 Gold/h","Isometric fantasy concept art of a long flute carved from a massive aged bone resting on a dark red velvet pedestal. Warm dusty golden lighting, dark stone background, stylized realism, 4k resolution."
"Metallic-Veined Egg","Mysterious (Organic)","A leathery, oversized egg. Its surface is covered in a network of pulsing veins made of liquid silver. It is dangerously heavy.","32 Gold/h","Isometric fantasy concept art of a leathery oversized egg covered in pulsing liquid silver veins resting on a dark red velvet pedestal. Warm dusty golden lighting, dark stone background, stylized realism, 4k resolution."
"Swirling Seed Jar","Mysterious (Organic)","A mason jar filled with water and strange, spiked seeds. The seeds constantly swim around each other in complex, organized patterns.","15 Gold/h","Isometric fantasy concept art of a glass jar filled with liquid and swimming spiked seeds resting on a dark red velvet pedestal. Warm dusty golden lighting, dark stone background, stylized realism, 4k resolution."
"Silver-Spiked Brain","Mysterious (Organic)","A mummified brain preserved in a dry state. Hundreds of tiny silver needles have been driven into specific lobes. An ancient lobotomy or an antenna?","26 Gold/h","Isometric fantasy concept art of a mummified brain pierced by hundreds of tiny silver needles resting on a dark red velvet pedestal. Warm dusty golden lighting, dark stone background, stylized realism, 4k resolution."
"Six-Jointed Mummy Hand","Mysterious (Organic)","A severed, desiccated hand. Each of its six incredibly long fingers possesses an extra joint. The nails are painted with dried blood.","21 Gold/h","Isometric fantasy concept art of a desiccated mummified hand with six extremely long multi-jointed fingers resting on a dark red velvet pedestal. Warm dusty golden lighting, dark stone background, stylized realism, 4k resolution."
"Razor-Leaf Nest","Mysterious (Organic)","A bird's nest woven entirely from metallic, razor-sharp leaves. Among the foliage lies a single, perfectly spherical pearl of black glass.","24 Gold/h","Isometric fantasy concept art of a bird nest woven from razor-sharp metallic leaves holding a black glass pearl resting on a dark red velvet pedestal. Warm dusty golden lighting, dark stone background, stylized realism, 4k resolution."
"Quicksilver Lotus","Mysterious (Organic)","A fleshy, blooming lotus flower. Instead of nectar, a pool of toxic, heavy quicksilver rests in its center, perfectly spherical and unmoving.","38 Gold/h","Isometric fantasy concept art of a fleshy lotus flower holding a perfectly spherical pool of liquid mercury resting on a dark red velvet pedestal. Warm dusty golden lighting, dark stone background, stylized realism, 4k resolution."
"Obsidian Spine Segment","Mysterious (Organic)","Three fused vertebrae carved from pure obsidian. The marrow canal is filled with a glowing, corrosive green sap.","27 Gold/h","Isometric fantasy concept art of three fused vertebrae carved from pure obsidian leaking glowing green sap resting on a dark red velvet pedestal. Warm dusty golden lighting, dark stone background, stylized realism, 4k resolution."
"Wriggling Mandrake Root","Mysterious (Organic)","A thick, humanoid-shaped root structure. When exposed to light, its tiny rootlets writhe in panic. I keep it covered in a burlap sack.","16 Gold/h","Isometric fantasy concept art of a thick humanoid-shaped mandrake root with writhing rootlets resting on a dark red velvet pedestal. Warm dusty golden lighting, dark stone background, stylized realism, 4k resolution."
"Frost-Breathing Lung","Mysterious (Organic)","A lung calcified into pale stone. Bizarrely, a freezing gust of wind escapes its trachea every few minutes, coating the display in frost.","29 Gold/h","Isometric fantasy concept art of a calcified pale stone lung exhaling a freezing white mist resting on a dark red velvet pedestal. Warm dusty golden lighting, dark stone background, stylized realism, 4k resolution."
"Iridescent Carapace Shield","Mysterious (Organic)","A piece of an insectoid shell so large it serves as a buckler. It shifts colors wildly depending on the angle of the light, causing intense nausea.","31 Gold/h","Isometric fantasy concept art of a massive iridescent insect carapace shield resting on a dark red velvet pedestal. Warm dusty golden lighting, dark stone background, stylized realism, 4k resolution."
"Crystal-Bound Parasite","Mysterious (Organic)","A jagged lump of salt crystal. Trapped within is a long, segmented tapeworm that appears to be made entirely of twisted copper wire.","23 Gold/h","Isometric fantasy concept art of a jagged lump of salt crystal trapping a segmented copper-wire tapeworm resting on a dark red velvet pedestal. Warm dusty golden lighting, dark stone background, stylized realism, 4k resolution."
"Weeping Fungal Cluster","Mysterious (Organic)","A shelf fungus that looks uncomfortably like human ears. It constantly drips a viscous, dark fluid that smells strongly of iron and ozone.","17 Gold/h","Isometric fantasy concept art of a cluster of shelf fungus resembling human ears dripping dark fluid resting on a dark red velvet pedestal. Warm dusty golden lighting, dark stone background, stylized realism, 4k resolution."
"Non-Euclidean Astrolabe","Mysterious (Technical)","A navigation tool composed of overlapping brass rings. Staring at it too long induces vertigo, as the rings seem to intersect impossibly.","36 Gold/h","Isometric fantasy concept art of a complex brass astrolabe with impossibly intersecting non-Euclidean rings resting on a dark red velvet pedestal. Warm dusty golden lighting, dark stone background, stylized realism, 4k resolution."
"Humming Copper Cylinder","Mysterious (Technical)","A heavy, featureless copper cylinder. It vibrates with intense kinetic energy, and placing it near compasses causes the needles to shatter.","18 Gold/h","Isometric fantasy concept art of a heavy featureless vibrating copper cylinder resting on a dark red velvet pedestal. Warm dusty golden lighting, dark stone background, stylized realism, 4k resolution."
"Fractal Glass Prism","Mysterious (Technical)","A prism containing an infinite recursion of smaller prisms. Shining a light through it projects a map of a city I have never seen.","45 Gold/h","Isometric fantasy concept art of a geometric glass prism containing infinite smaller fractal prisms resting on a dark red velvet pedestal. Warm dusty golden lighting, dark stone background, stylized realism, 4k resolution."
"Ruby-Lens Clockwork Eye","Mysterious (Technical)","An ocular prosthesis made of silver gears. The pupil is a faceted ruby that constantly dilates and contracts, scanning the room.","33 Gold/h","Isometric fantasy concept art of a mechanical ocular prosthesis made of silver gears and a faceted ruby lens resting on a dark red velvet pedestal. Warm dusty golden lighting, dark stone background, stylized realism, 4k resolution."
"Levitating Magnetic Top","Mysterious (Technical)","A spinning top made of bismuth and gold. It has been spinning silently in mid-air, an inch above its base, since I found it.","22 Gold/h","Isometric fantasy concept art of a spinning top made of bismuth and gold levitating silently in mid-air resting on a dark red velvet pedestal. Warm dusty golden lighting, dark stone background, stylized realism, 4k resolution."
"Liquid Starlight Syringe","Mysterious (Technical)","A heavy glass syringe tipped with an adamantine needle. The fluid inside is blindingly bright and completely ignores gravity.","40 Gold/h","Isometric fantasy concept art of a heavy glass syringe tipped with an adamantine needle filled with glowing bright liquid resting on a dark red velvet pedestal. Warm dusty golden lighting, dark stone background, stylized realism, 4k resolution."
"Gyroscopic Brass Cage","Mysterious (Technical)","A series of spinning brass cages suspended within one another. The innermost cage is empty, yet it possesses immense gravitational pull.","28 Gold/h","Isometric fantasy concept art of a series of spinning gyroscopic brass cages resting on a dark red velvet pedestal. Warm dusty golden lighting, dark stone background, stylized realism, 4k resolution."
"Silencing Tuning Fork","Mysterious (Technical)","A tuning fork forged from black iron. Striking it produces no sound; instead, it completely mutes all ambient noise within a ten-foot radius.","35 Gold/h","Isometric fantasy concept art of a tuning fork forged from matte black iron resting on a dark red velvet pedestal. Warm dusty golden lighting, dark stone background, stylized realism, 4k resolution."
"Black Ice Gears","Mysterious (Technical)","A set of interlocking gears carved from an impossibly cold, black crystalline substance. They turn smoothly without any external power source.","30 Gold/h","Isometric fantasy concept art of a set of interlocking gears carved from freezing black crystalline ice resting on a dark red velvet pedestal. Warm dusty golden lighting, dark stone background, stylized realism, 4k resolution."
"Obsidian Phonograph Cylinder","Mysterious (Technical)","An audio cylinder designed for a phonograph, but carved from volcanic glass. The grooves are microscopic. I dread to hear what is recorded on it.","20 Gold/h","Isometric fantasy concept art of a phonograph audio cylinder carved from shiny obsidian glass resting on a dark red velvet pedestal. Warm dusty golden lighting, dark stone background, stylized realism, 4k resolution."
"Wire-Wrapped Battery","Mysterious (Technical)","A crude ceramic jar wrapped in hundreds of layers of fine copper wire. Acid bubbles at the top. A primitive, highly unstable energy source.","16 Gold/h","Isometric fantasy concept art of a crude ceramic jar heavily wrapped in fine copper wire bubbling with acid resting on a dark red velvet pedestal. Warm dusty golden lighting, dark stone background, stylized realism, 4k resolution."
"Articulated Brass Tail","Mysterious (Technical)","A mechanical appendage ending in a syringe-like stinger. The segments move with terrifying fluidity, mimicking a scorpion's strike.","29 Gold/h","Isometric fantasy concept art of an articulated mechanical brass appendage ending in a syringe stinger resting on a dark red velvet pedestal. Warm dusty golden lighting, dark stone background, stylized realism, 4k resolution."
"Chaotic Metronome","Mysterious (Technical)","A standard wooden metronome, but the pendulum swings at completely randomized intervals. Following its rhythm causes severe migraines.","14 Gold/h","Isometric fantasy concept art of a wooden musical metronome with a frantic swinging pendulum resting on a dark red velvet pedestal. Warm dusty golden lighting, dark stone background, stylized realism, 4k resolution."
"Glowing Vacuum Cluster","Mysterious (Technical)","An array of large glass vacuum tubes. They flicker with arcing electrical storms inside, processing data for a machine long destroyed.","34 Gold/h","Isometric fantasy concept art of a cluster of large glass vacuum tubes flickering with internal electrical storms resting on a dark red velvet pedestal. Warm dusty golden lighting, dark stone background, stylized realism, 4k resolution."
"Oil-Bleeding Iron Box","Mysterious (Technical)","A heavy iron box that constantly oozes thick black oil from its welded seams. I cannot find a lid, yet it sounds hollow when tapped.","24 Gold/h","Isometric fantasy concept art of a heavy welded iron box constantly oozing thick black oil resting on a dark red velvet pedestal. Warm dusty golden lighting, dark stone background, stylized realism, 4k resolution."
"Dimensional Lens","Mysterious (Technical)","A heavy brass magnifying glass. Looking through the lens reveals the room exactly as it is, but heavily decayed and submerged in water.","42 Gold/h","Isometric fantasy concept art of a heavy brass magnifying glass revealing a flooded reality through its lens resting on a dark red velvet pedestal. Warm dusty golden lighting, dark stone background, stylized realism, 4k resolution."
"Platinum Thermal Caliper","Mysterious (Technical)","A measuring tool made of platinum. Instead of distance, clamping it onto an object measures its residual magical heat. Very delicate.","26 Gold/h","Isometric fantasy concept art of a precise measuring caliper tool made of gleaming platinum resting on a dark red velvet pedestal. Warm dusty golden lighting, dark stone background, stylized realism, 4k resolution."
"Rusted Automaton Core","Mysterious (Technical)","The central processing unit of an ancient clockwork golem. The intricate brass pin-barrels are severely bent and jammed with stone dust.","38 Gold/h","Isometric fantasy concept art of a rusted central processing core of an ancient clockwork golem resting on a dark red velvet pedestal. Warm dusty golden lighting, dark stone background, stylized realism, 4k resolution."
"Mercury Pendulum","Mysterious (Technical)","A swinging pendulum where the weight is a sealed glass orb filled with mercury. The sloshing liquid constantly alters its center of gravity.","21 Gold/h","Isometric fantasy concept art of a swinging brass pendulum with a glass orb filled with sloshing liquid mercury resting on a dark red velvet pedestal. Warm dusty golden lighting, dark stone background, stylized realism, 4k resolution."
"Arc-Light Lantern","Mysterious (Technical)","A heavy lantern with no wick or oil. Inside, a constant, blindingly bright electrical arc jumps between two carbon rods. It smells of ozone.","25 Gold/h","Isometric fantasy concept art of a heavy metal lantern containing a blindingly bright electrical arc resting on a dark red velvet pedestal. Warm dusty golden lighting, dark stone background, stylized realism, 4k resolution."
"Name","Category","Antiquarian_Description","Idle_Income","Generation_Prompt"
"Weeping Canvas","Cursed","A blank painter's canvas in a heavy gilded frame. Though no paint is applied, thick droplets of fresh, dark crimson blood continuously weep from the center.","27 Gold/h","Isometric fantasy concept art of a blank painter's canvas in a gilded frame weeping drops of dark red blood resting on a dark red velvet pedestal. Warm dusty golden lighting, dark stone background, stylized realism, 4k resolution."
"Strangling Scarf","Cursed","A beautifully woven silk scarf. I must keep it pinned down with heavy iron weights; otherwise, it slithers like a snake, seeking the nearest neck.","19 Gold/h","Isometric fantasy concept art of a slithering purple silk scarf pinned down by heavy iron weights resting on a dark red velvet pedestal. Warm dusty golden lighting, dark stone background, stylized realism, 4k resolution."
"Coin of Betrayal","Cursed","A silver piece depicting two faces looking away from each other. If flipped to make a decision, it will always land on the choice that leads to the most misery.","15 Gold/h","Isometric fantasy concept art of a tarnished silver coin depicting two faces looking in opposite directions resting on a dark red velvet pedestal. Warm dusty golden lighting, dark stone background, stylized realism, 4k resolution."
"Guilt-Ridden Mirror","Cursed","A cracked hand mirror. It does not reflect the room. Instead, anyone who gazes into it is forced to watch their greatest life regret play out on an endless loop.","35 Gold/h","Isometric fantasy concept art of a cracked silver hand mirror showing a swirling dark void in its reflection resting on a dark red velvet pedestal. Warm dusty golden lighting, dark stone background, stylized realism, 4k resolution."
"Screaming Chalice","Cursed","A beautifully jeweled goblet. If anyone attempts to bring it to their lips, the metal contorts into a horrific face and emits a deafening, agonizing shriek.","24 Gold/h","Isometric fantasy concept art of a jeweled golden goblet with the metal contorted into a screaming face resting on a dark red velvet pedestal. Warm dusty golden lighting, dark stone background, stylized realism, 4k resolution."
"Burnt Hangman's Noose","Cursed","A frayed rope tied into a perfect noose. It smells overwhelmingly of sulfur and ash, and the rope is always uncomfortably warm to the touch.","12 Gold/h","Isometric fantasy concept art of a frayed hangman's noose rope with scorched and charred edges resting on a dark red velvet pedestal. Warm dusty golden lighting, dark stone background, stylized realism, 4k resolution."
"Grasping Gauntlet","Cursed","An empty, rusted knight's gauntlet. If left unattended, it will slowly drag itself across the room in a desperate attempt to hold hands with someone.","21 Gold/h","Isometric fantasy concept art of an empty rusted iron knight's gauntlet with articulated fingers resting on a dark red velvet pedestal. Warm dusty golden lighting, dark stone background, stylized realism, 4k resolution."
"Dagger of Salt","Cursed","A ceremonial dagger whose blade is forged entirely of compressed sea salt. The hilt is always damp, and it seems to actively pull moisture from the air.","16 Gold/h","Isometric fantasy concept art of a ceremonial dagger with a blade made of compressed crystalline sea salt resting on a dark red velvet pedestal. Warm dusty golden lighting, dark stone background, stylized realism, 4k resolution."
"Bottled Shadow","Ethereal","An apothecary's flask sealed with lead. Inside, a patch of absolute, impenetrable darkness swirls. It absorbs the light of the exhibition hall hungrily.","32 Gold/h","Isometric fantasy concept art of an apothecary's glass flask sealed with lead containing absolute swirling darkness resting on a dark red velvet pedestal. Warm dusty golden lighting, dark stone background, stylized realism, 4k resolution."
"Solidified Whisper","Ethereal","It looks like a fragile, translucent piece of spun glass, but it is entirely weightless. If held close to the ear, you can hear hushed, frantic secrets.","28 Gold/h","Isometric fantasy concept art of a fragile translucent wisp of spun glass floating slightly above a dark red velvet pedestal. Warm dusty golden lighting, dark stone background, stylized realism, 4k resolution."
"Ghost-Flame Lantern","Ethereal","An antique carriage lantern. It contains no oil or wick, yet it burns with a cold, pale blue flame that casts shadows in the wrong directions.","20 Gold/h","Isometric fantasy concept art of an antique carriage lantern burning with a cold pale blue ghost-flame resting on a dark red velvet pedestal. Warm dusty golden lighting, dark stone background, stylized realism, 4k resolution."
"Phantom Key","Ethereal","A large, ornate skeleton key made of a misty, translucent substance. It passes right through physical locks, meant for doors that only exist in the mind.","18 Gold/h","Isometric fantasy concept art of a large ornate skeleton key made of misty translucent ghostly matter resting on a dark red velvet pedestal. Warm dusty golden lighting, dark stone background, stylized realism, 4k resolution."
"Thread of Moonlight","Ethereal","A spool of thread that glows with a soft, lunar luminescence. The thread is entirely intangible, slipping through my fingers like cool water.","25 Gold/h","Isometric fantasy concept art of a wooden spool wrapped in glowing silver intangible moonlight thread resting on a dark red velvet pedestal. Warm dusty golden lighting, dark stone background, stylized realism, 4k resolution."
"Echoing Conch","Ethereal","A spiraling white seashell. Instead of the sound of the ocean, it plays audio fragments of conversations that will happen in this very room tomorrow.","30 Gold/h","Isometric fantasy concept art of a spiraling white seashell emitting faint magical soundwaves resting on a dark red velvet pedestal. Warm dusty golden lighting, dark stone background, stylized realism, 4k resolution."
"Tear of a Spirit","Ethereal","A massive, floating droplet of pale blue liquid. It does not fall, nor does it evaporate. It radiates an overwhelming aura of profound sadness.","38 Gold/h","Isometric fantasy concept art of a massive floating droplet of glowing pale blue liquid hovering above a dark red velvet pedestal. Warm dusty golden lighting, dark stone background, stylized realism, 4k resolution."
"Wisp-Glass Prism","Ethereal","A triangular crystal. When normal light passes through it, it doesn't refract into a rainbow, but rather projects faint silhouettes of deceased scholars.","34 Gold/h","Isometric fantasy concept art of a triangular crystal prism projecting faint ghostly silhouettes resting on a dark red velvet pedestal. Warm dusty golden lighting, dark stone background, stylized realism, 4k resolution."
"Philosopher's Slag","Alchemical","The byproduct of a failed transmutation. A lump of heavy metallic slag that constantly shifts its color and texture, trying to decide what element it is.","22 Gold/h","Isometric fantasy concept art of a lump of heavy metallic slag constantly shifting in iridescent colors resting on a dark red velvet pedestal. Warm dusty golden lighting, dark stone background, stylized realism, 4k resolution."
"Ever-Boiling Flask","Alchemical","A round-bottomed glass flask filled with a crimson liquid. It boils violently and continuously without any heat source, defying all thermodynamics.","19 Gold/h","Isometric fantasy concept art of a round-bottomed glass flask filled with violently boiling crimson liquid resting on a dark red velvet pedestal. Warm dusty golden lighting, dark stone background, stylized realism, 4k resolution."
"Petrification Powder","Alchemical","A small vial of grey dust. I accidentally spilled a grain onto a wooden desk; that section of the desk instantly turned to solid granite. Highly dangerous.","40 Gold/h","Isometric fantasy concept art of a small glass vial filled with coarse grey petrification dust resting on a dark red velvet pedestal. Warm dusty golden lighting, dark stone background, stylized realism, 4k resolution."
"Aqua Vitae Sponge","Alchemical","A natural sea sponge soaked in the elixir of life. It never dries out, constantly dripping a golden, life-giving fluid that heals any cut it touches.","36 Gold/h","Isometric fantasy concept art of a natural sea sponge constantly dripping glowing golden life-giving fluid resting on a dark red velvet pedestal. Warm dusty golden lighting, dark stone background, stylized realism, 4k resolution."
"Sublimation Crucible","Alchemical","A heavy ceramic bowl meant for extreme heat. It constantly emits a thick, fragrant white smoke, though it is completely empty.","17 Gold/h","Isometric fantasy concept art of a heavy ceramic alchemical crucible constantly emitting thick fragrant white smoke resting on a dark red velvet pedestal. Warm dusty golden lighting, dark stone background, stylized realism, 4k resolution."
"Midas Touchstone","Alchemical","A testing stone for gold, but this one is reversed. Any precious metal rubbed against it instantly turns into cheap, brittle lead.","26 Gold/h","Isometric fantasy concept art of a black alchemical testing stone with streaks of tarnished lead on it resting on a dark red velvet pedestal. Warm dusty golden lighting, dark stone background, stylized realism, 4k resolution."
"Chimera Bone","Alchemical","A single, large femur bone. Oddly, it transitions smoothly from the bone of a lion to the bone of a goat, ending in a serpent's cartilage.","21 Gold/h","Isometric fantasy concept art of a single large bone that transitions from lion to goat to serpent cartilage resting on a dark red velvet pedestal. Warm dusty golden lighting, dark stone background, stylized realism, 4k resolution."
"Liquid Gold Syphilis","Alchemical","A horrific medical anomaly captured in a jar. It appears to be a parasitic organism entirely composed of highly toxic, liquid gold.","33 Gold/h","Isometric fantasy concept art of a medical jar containing a parasitic organism made entirely of toxic liquid gold resting on a dark red velvet pedestal. Warm dusty golden lighting, dark stone background, stylized realism, 4k resolution."
"Meteorite Core","Cosmic","A jagged chunk of heavy, dark purple rock. It is unnaturally warm to the touch and hums with a frequency that makes my teeth ache.","29 Gold/h","Isometric fantasy concept art of a jagged chunk of heavy dark purple meteorite rock humming with energy resting on a dark red velvet pedestal. Warm dusty golden lighting, dark stone background, stylized realism, 4k resolution."
"Void-Stone Pendant","Cosmic","A necklace holding an impossibly black gemstone. It casts no shadow. In fact, it seems to actively suck the ambient light out of the immediate area.","42 Gold/h","Isometric fantasy concept art of a necklace holding an impossibly black void-stone gemstone that absorbs light resting on a dark red velvet pedestal. Warm dusty golden lighting, dark stone background, stylized realism, 4k resolution."
"Stardust Hourglass","Cosmic","An hourglass crafted from strange, iridescent glass. The glowing silver sand inside ignores gravity entirely, flowing upwards from the bottom bulb to the top.","37 Gold/h","Isometric fantasy concept art of an hourglass where glowing silver sand flows upwards against gravity resting on a dark red velvet pedestal. Warm dusty golden lighting, dark stone background, stylized realism, 4k resolution."
"Trapped Nebula","Cosmic","A flawless glass orb. Inside, a miniature galaxy of swirling pink and blue cosmic dust slowly rotates. A universe in the palm of my hand.","45 Gold/h","Isometric fantasy concept art of a flawless glass orb containing a miniature swirling pink and blue galaxy resting on a dark red velvet pedestal. Warm dusty golden lighting, dark stone background, stylized realism, 4k resolution."
"Eclipse Coin","Cosmic","A massive, heavy coin. One side is forged from a blindingly bright stellar metal; the other side is a void so dark it hurts to look at.","31 Gold/h","Isometric fantasy concept art of a massive coin with one side blindingly bright and the other impossibly dark resting on a dark red velvet pedestal. Warm dusty golden lighting, dark stone background, stylized realism, 4k resolution."
"Comet-Ice Shard","Cosmic","A jagged spike of ice that absolutely refuses to melt, even over an open flame. Touching it causes instant, severe frostbite.","28 Gold/h","Isometric fantasy concept art of a jagged spike of eternal comet ice emitting freezing mist resting on a dark red velvet pedestal. Warm dusty golden lighting, dark stone background, stylized realism, 4k resolution."
"Whispering Meteorite","Cosmic","A porous, metallic space rock. If the room is completely silent, you can hear faint, overlapping voices speaking in an unearthly, clicking language.","34 Gold/h","Isometric fantasy concept art of a porous metallic space rock emitting faint alien signals resting on a dark red velvet pedestal. Warm dusty golden lighting, dark stone background, stylized realism, 4k resolution."
"Astrolabe of the Outer Gods","Cosmic","A star-mapping device, but the constellations etched into the bronze rings include geometries and star systems that cannot possibly exist in our reality.","48 Gold/h","Isometric fantasy concept art of a terrifying bronze astrolabe etched with impossible alien constellations resting on a dark red velvet pedestal. Warm dusty golden lighting, dark stone background, stylized realism, 4k resolution."
"Mobius Ring","Paradoxical","A heavy gold band with only one continuous surface. Tracing the inside edge inevitably leads to the outside edge without ever crossing a boundary.","35 Gold/h","Isometric fantasy concept art of a heavy gold ring shaped as a mathematically impossible Mobius strip resting on a dark red velvet pedestal. Warm dusty golden lighting, dark stone background, stylized realism, 4k resolution."
"Klein Bottle Flask","Paradoxical","A glass vessel with no distinct inside or outside. Any liquid poured into it somehow ends up pouring back out onto the hands of the person pouring it.","32 Gold/h","Isometric fantasy concept art of a glass flask shaped as a mathematically impossible Klein bottle resting on a dark red velvet pedestal. Warm dusty golden lighting, dark stone background, stylized realism, 4k resolution."
"Penrose Triangle Block","Paradoxical","A solid wooden puzzle piece carved into an impossible geometric triangle. Simply looking at its intersecting angles causes severe motion sickness.","39 Gold/h","Isometric fantasy concept art of a solid wooden puzzle piece carved into an impossible Penrose triangle resting on a dark red velvet pedestal. Warm dusty golden lighting, dark stone background, stylized realism, 4k resolution."
"Shadowless Obelisk","Paradoxical","A small tower of white marble. No matter how intense the spotlight directed at it is, it absolutely refuses to cast a shadow on the pedestal.","26 Gold/h","Isometric fantasy concept art of a white marble obelisk standing in bright light but casting absolutely no shadow resting on a dark red velvet pedestal. Warm dusty golden lighting, dark stone background, stylized realism, 4k resolution."
"Reversing Metronome","Paradoxical","A standard musician's metronome. However, you hear the 'tick' a full second before the pendulum actually swings to hit the side. It operates in reverse time.","23 Gold/h","Isometric fantasy concept art of a wooden musician's metronome surrounded by faint chronological distortions resting on a dark red velvet pedestal. Warm dusty golden lighting, dark stone background, stylized realism, 4k resolution."
"Fractal Gear","Paradoxical","A brass cog. If you examine the teeth of the cog under a microscope, each tooth is actually composed of millions of identical, smaller cogs. Infinite recursion.","41 Gold/h","Isometric fantasy concept art of a brass cog where the teeth are made of infinitely smaller microscopic cogs resting on a dark red velvet pedestal. Warm dusty golden lighting, dark stone background, stylized realism, 4k resolution."
"Weightless Lead Weight","Paradoxical","A massive, 50-pound iron-cast weight. Despite its appearance, it is lighter than air and must be tied to the pedestal with twine so it doesn't float away.","24 Gold/h","Isometric fantasy concept art of a massive 50-pound iron weight floating like a balloon tied down with twine resting on a dark red velvet pedestal. Warm dusty golden lighting, dark stone background, stylized realism, 4k resolution."
"Tesseract Puzzle Box","Paradoxical","A hyper-cube made of interlocking obsidian plates. Solving it requires moving the pieces into a fourth spatial dimension. I am afraid to attempt it.","50 Gold/h","Isometric fantasy concept art of a hyper-cube tesseract puzzle box made of interlocking obsidian plates resting on a dark red velvet pedestal. Warm dusty golden lighting, dark stone background, stylized realism, 4k resolution."
"Name","Category","Antiquarian_Description","Idle_Income","Generation_Prompt"
"Cartographer's Monocle","Equipment (Mapping)","A brass monocle with three layered lenses. If I wear this, I should be able to memorize the layout of the ruins much faster before the light fades.","25 Gold/h","Isometric fantasy concept art of a brass cartographer's monocle with multiple layered lenses resting on a dark red velvet pedestal. Warm dusty golden lighting, dark stone background, stylized realism, 4k resolution."
"Boots of the Swift Descent","Equipment (Agility)","Leather boots reinforced with enchanted steel shanks. They are incredibly light. Wearing these will certainly increase my sprinting speed through the corridors.","30 Gold/h","Isometric fantasy concept art of a pair of lightweight leather boots with enchanted glowing steel shanks resting on a dark red velvet pedestal. Warm dusty golden lighting, dark stone background, stylized realism, 4k resolution."
"Glow-Moth Lantern","Equipment (Vision)","A glass lantern containing a colony of luminescent subterranean moths. It casts a piercing, cold light. This will massively expand my field of vision in the dark.","28 Gold/h","Isometric fantasy concept art of a glass lantern filled with glowing blue luminescent moths resting on a dark red velvet pedestal. Warm dusty golden lighting, dark stone background, stylized realism, 4k resolution."
"Thief's Padded Insoles","Equipment (Stealth)","Inserts made from a strange, sound-absorbing fungus. Slipping these into my boots will muffle my footsteps, giving the Nemesis a harder time tracking me.","22 Gold/h","Isometric fantasy concept art of thick sound-absorbing fungal boot insoles resting on a dark red velvet pedestal. Warm dusty golden lighting, dark stone background, stylized realism, 4k resolution."
"Adrenaline Syringe","Equipment (Stamina)","A terrifying alchemical injector filled with a glowing green stimulant. A quick dose in an emergency should grant me extra time before exhaustion sets in.","35 Gold/h","Isometric fantasy concept art of a frightening brass alchemical syringe filled with glowing green liquid resting on a dark red velvet pedestal. Warm dusty golden lighting, dark stone background, stylized realism, 4k resolution."
"Golden Dowsing Rod","Equipment (Looting)","A Y-shaped branch cast in solid gold. It gently tugs my hands toward hidden wealth. With this, I will easily sniff out larger coin caches in the mazes.","40 Gold/h","Isometric fantasy concept art of a Y-shaped dowsing rod cast in solid shiny gold resting on a dark red velvet pedestal. Warm dusty golden lighting, dark stone background, stylized realism, 4k resolution."
"Scent-Masking Censer","Equipment (Stealth)","A small brass censer that burns a pungent, ashy incense. Hanging this from my belt will mask my human scent from whatever beasts hunt in the deep.","26 Gold/h","Isometric fantasy concept art of a small smoking brass censer hanging from a leather belt strap resting on a dark red velvet pedestal. Warm dusty golden lighting, dark stone background, stylized realism, 4k resolution."
"Temporal Chronometer","Equipment (Time)","A pocket watch that ticks slightly slower than a normal second. Staring at it seems to dilate time, giving me precious extra seconds to preview a maze.","45 Gold/h","Isometric fantasy concept art of an intricate glowing pocket watch emitting faint temporal distortions resting on a dark red velvet pedestal. Warm dusty golden lighting, dark stone background, stylized realism, 4k resolution."
"Deep-Canvas Satchel","Equipment (Looting)","A simple messenger bag, but reaching inside reveals it is much deeper than it appears. I will be able to carry significantly more gold back to the surface.","32 Gold/h","Isometric fantasy concept art of an open deep canvas messenger bag with a magically dark interior resting on a dark red velvet pedestal. Warm dusty golden lighting, dark stone background, stylized realism, 4k resolution."
"Decoy Music Box","Equipment (Survival)","A wound-up tin box that plays a loud, erratic waltz. If I am cornered, tossing this into a side corridor should perfectly distract the Nemesis.","20 Gold/h","Isometric fantasy concept art of an ornate tin music box with its lid open and gears spinning resting on a dark red velvet pedestal. Warm dusty golden lighting, dark stone background, stylized realism, 4k resolution."
"Appraiser's Loupe","Equipment (Looting)","A jeweler's eyepiece made of diamond. Looking through it reveals the true magical value of items. This will guarantee I only find high-tier artifacts.","38 Gold/h","Isometric fantasy concept art of a sparkling diamond appraiser's loupe eyepiece resting on a dark red velvet pedestal. Warm dusty golden lighting, dark stone background, stylized realism, 4k resolution."
"Spider-Silk Gloves","Equipment (Agility)","Gloves woven from alchemical spider silk. They stick slightly to the masonry. My cornering and agility in tight labyrinth turns will be much smoother.","24 Gold/h","Isometric fantasy concept art of a pair of thin silvery gloves woven from spider silk resting on a dark red velvet pedestal. Warm dusty golden lighting, dark stone background, stylized realism, 4k resolution."
"Luminous Chalk","Equipment (Mapping)","A thick piece of chalk that glows in the dark. I can use it to mark the floors of dead ends, ensuring I never walk in circles during a panic.","18 Gold/h","Isometric fantasy concept art of a thick piece of glowing bright green chalk resting on a dark red velvet pedestal. Warm dusty golden lighting, dark stone background, stylized realism, 4k resolution."
"Heartbeat Stethoscope","Equipment (Survival)","A medical instrument modified with acoustic amplifiers. Pressed against a wall, it will let me see the Nemesis's location even through solid stone.","42 Gold/h","Isometric fantasy concept art of an antique brass medical stethoscope with glowing acoustic amplifiers resting on a dark red velvet pedestal. Warm dusty golden lighting, dark stone background, stylized realism, 4k resolution."
"Liquid Vigor Flask","Equipment (Stamina)","A leather canteen smelling of mint and ozone. A single sip clears the lungs instantly. Perfect for recovering stamina on incredibly long expeditions.","30 Gold/h","Isometric fantasy concept art of a leather canteen glowing slightly with blue liquid vigor resting on a dark red velvet pedestal. Warm dusty golden lighting, dark stone background, stylized realism, 4k resolution."
"Magnetic Gold Collector","Equipment (Looting)","A heavy iron glove imbued with lodestone. I won't need to meticulously pick up every coin; simply waving my hand will pull the gold directly to me.","36 Gold/h","Isometric fantasy concept art of a heavy iron glove imbued with glowing magnetic lodestone resting on a dark red velvet pedestal. Warm dusty golden lighting, dark stone background, stylized realism, 4k resolution."
"Charcoal Breathing Mask","Equipment (Survival)","A heavy leather mask with charcoal filters. Absolutely essential if I am to survive the toxic fumes and acid mists of the deeper Alchemical Quarters.","34 Gold/h","Isometric fantasy concept art of a heavy leather breathing mask with industrial charcoal filters resting on a dark red velvet pedestal. Warm dusty golden lighting, dark stone background, stylized realism, 4k resolution."
"Thermal Goggles","Equipment (Vision)","Lenses crafted from volcanic glass. They highlight residual heat. Even in pitch blackness, I will see the warm footprints of whatever patrols the maze.","48 Gold/h","Isometric fantasy concept art of heavy leather goggles with glowing red volcanic glass lenses resting on a dark red velvet pedestal. Warm dusty golden lighting, dark stone background, stylized realism, 4k resolution."
"Clockwork Mapping Beetle","Equipment (Mapping)","A mechanical scarab. If released at the start of a run, it will scurry ahead and instantly reveal a portion of the map for me. A brilliant scouting tool.","50 Gold/h","Isometric fantasy concept art of a ticking clockwork brass beetle with tiny map scrolls on its back resting on a dark red velvet pedestal. Warm dusty golden lighting, dark stone background, stylized realism, 4k resolution."
"Shadow-Weave Cloak","Equipment (Stealth)","A cloak made of fabric that actively absorbs light. Wrapping myself in this will grant me a few precious seconds of total invisibility against the Nemesis.","44 Gold/h","Isometric fantasy concept art of a flowing cloak made of absolute darkness that absorbs light resting on a dark red velvet pedestal. Warm dusty golden lighting, dark stone background, stylized realism, 4k resolution."
"Vambrace of Deflection","Equipment (Survival)","A heavy steel forearm guard. If a monster catches me, I can sacrifice this brace to block exactly one lethal blow and make an emergency escape.","35 Gold/h","Isometric fantasy concept art of a heavy polished steel forearm vambrace glowing with protective runes resting on a dark red velvet pedestal. Warm dusty golden lighting, dark stone background, stylized realism, 4k resolution."
"Book of Labyrinthine Architecture","Equipment (Mapping)","An ancient treatise on dungeon design. Studying its geometric theories has permanently increased my intuitive understanding of how these mazes are built.","28 Gold/h","Isometric fantasy concept art of an open architectural book showing complex geometric labyrinth blueprints resting on a dark red velvet pedestal. Warm dusty golden lighting, dark stone background, stylized realism, 4k resolution."
"Surveyor's Theodolite","Equipment (Mapping)","A precise measuring instrument. Setting this up at the entrance gives me an incredibly accurate, extended preview time before the expedition begins.","33 Gold/h","Isometric fantasy concept art of a precise brass surveyor's theodolite instrument resting on a dark red velvet pedestal. Warm dusty golden lighting, dark stone background, stylized realism, 4k resolution."
"Echolocation Tuning Fork","Equipment (Vision)","Striking this large iron fork sends out a sonic wave. The returning echoes briefly outline the shape of the rooms hidden in the fog of war.","26 Gold/h","Isometric fantasy concept art of a large iron tuning fork emitting visible concentric sonic waves resting on a dark red velvet pedestal. Warm dusty golden lighting, dark stone background, stylized realism, 4k resolution."
"Blessed Rabbit's Foot","Equipment (Luck)","A gruesome but magically potent charm. Having this in my pocket bends probability in my favor, resulting in easier paths and fewer dead ends.","22 Gold/h","Isometric fantasy concept art of a dried rabbit's foot bound in silver wire emitting a lucky golden glow resting on a dark red velvet pedestal. Warm dusty golden lighting, dark stone background, stylized realism, 4k resolution."
"Alchemist's Bandages","Equipment (Survival)","Gauze soaked in regenerative salves. If I stumble into a trap, quickly wrapping the wound will prevent me from losing my sprint speed.","15 Gold/h","Isometric fantasy concept art of a roll of medical gauze dripping with glowing regenerative green salve resting on a dark red velvet pedestal. Warm dusty golden lighting, dark stone background, stylized realism, 4k resolution."
"Miner's Canary Cage","Equipment (Stealth)","A tiny golden cage containing an immortal, clockwork canary. It will frantically chirp the exact moment the Nemesis spawns into the labyrinth.","31 Gold/h","Isometric fantasy concept art of a tiny golden birdcage containing a frantic clockwork canary resting on a dark red velvet pedestal. Warm dusty golden lighting, dark stone background, stylized realism, 4k resolution."
"Goggles of True Sight","Equipment (Vision)","Lenses ground from angel-tears. They peer through illusions, allowing me to spot fake walls, hidden doors, and concealed floor traps immediately.","46 Gold/h","Isometric fantasy concept art of brass goggles with perfectly clear lenses radiating a holy white light resting on a dark red velvet pedestal. Warm dusty golden lighting, dark stone background, stylized realism, 4k resolution."
"Weighted Coin of Fate","Equipment (Luck)","A coin that always lands on its edge. If an expedition ends in disaster, flipping this coin rewinds time, giving me a second attempt at the exact same maze.","55 Gold/h","Isometric fantasy concept art of a heavy gold coin standing perfectly balanced on its edge resting on a dark red velvet pedestal. Warm dusty golden lighting, dark stone background, stylized realism, 4k resolution."
"Smuggler's Coat","Equipment (Looting)","A heavy leather duster with dozens of hidden interior pockets. This expands my carrying capacity, allowing me to secure two artifacts per run instead of one.","39 Gold/h","Isometric fantasy concept art of a heavy leather duster coat pinned open to reveal dozens of hidden pockets resting on a dark red velvet pedestal. Warm dusty golden lighting, dark stone background, stylized realism, 4k resolution."
"Flask of Oil","Equipment (Agility)","A simple flask of extremely slippery grease. Pouring this behind me in a narrow corridor will drastically slow down any pursuer trying to catch me.","18 Gold/h","Isometric fantasy concept art of a glass flask leaking incredibly slippery iridescent oil resting on a dark red velvet pedestal. Warm dusty golden lighting, dark stone background, stylized realism, 4k resolution."
"Skeleton Key Set","Equipment (Agility)","A ring of rusted, shifting keys. They can force open the locked iron gates that occasionally block the fastest shortcut to the exit.","29 Gold/h","Isometric fantasy concept art of an iron ring holding multiple shifting magical skeleton keys resting on a dark red velvet pedestal. Warm dusty golden lighting, dark stone background, stylized realism, 4k resolution."
"Reinforced Shin Guards","Equipment (Survival)","Heavy bronze greaves. They are cumbersome, but they allow me to walk straight through low-level spike traps without taking any damage.","27 Gold/h","Isometric fantasy concept art of heavy bronze shin guard greaves dented with trap impacts resting on a dark red velvet pedestal. Warm dusty golden lighting, dark stone background, stylized realism, 4k resolution."
"Mirror-Polished Pauldron","Equipment (Survival)","A shoulder guard polished to a mirror finish. Catching the lantern light on it can temporarily blind the Nemesis, giving me a moment to hide.","36 Gold/h","Isometric fantasy concept art of a single steel shoulder pauldron polished to a blinding mirror finish resting on a dark red velvet pedestal. Warm dusty golden lighting, dark stone background, stylized realism, 4k resolution."
"Amulet of Endless Breath","Equipment (Survival)","A pendant containing a bubble of pure oxygen. Essential for navigating the flooded sections of the sewers where holding one's breath is mandatory.","32 Gold/h","Isometric fantasy concept art of a silver pendant containing a glowing bubble of pure oxygen resting on a dark red velvet pedestal. Warm dusty golden lighting, dark stone background, stylized realism, 4k resolution."
"Hermes Winged Pin","Equipment (Agility)","A small brooch shaped like wings. Pinning it to my chest makes my body feel almost weightless, dramatically increasing my acceleration from a standstill.","41 Gold/h","Isometric fantasy concept art of a small silver brooch shaped like angel wings emitting a windy aura resting on a dark red velvet pedestal. Warm dusty golden lighting, dark stone background, stylized realism, 4k resolution."
"Greased Bearings","Equipment (Agility)","Small alchemical ball bearings. Taping these to the soles of my boots allows me to glide smoothly across the stone floors, maintaining top speed effortlessly.","23 Gold/h","Isometric fantasy concept art of perfectly spherical glowing alchemical ball bearings resting on a dark red velvet pedestal. Warm dusty golden lighting, dark stone background, stylized realism, 4k resolution."
"Philosopher's Ledger","Equipment (Looting)","An accounting book bound in gold leaf. Any coin recorded in this ledger magically yields interest over time. A phenomenal multiplier for my idle income.","47 Gold/h","Isometric fantasy concept art of a heavy accounting ledger bound in gleaming gold leaf resting on a dark red velvet pedestal. Warm dusty golden lighting, dark stone background, stylized realism, 4k resolution."
"Telescopic Grabber","Equipment (Looting)","A mechanical arm extension. It allows me to snatch artifacts from pedestals from three hexes away without having to step onto the pressure plates guarding them.","21 Gold/h","Isometric fantasy concept art of an intricate brass telescopic mechanical grabber arm resting on a dark red velvet pedestal. Warm dusty golden lighting, dark stone background, stylized realism, 4k resolution."
"Aura-Dampening Ring","Equipment (Stealth)","A ring made of lead and cold iron. It suppresses my lifeforce signature, meaning the Nemesis must be significantly closer to me to detect my presence.","37 Gold/h","Isometric fantasy concept art of a heavy matte ring made of lead and cold iron absorbing light resting on a dark red velvet pedestal. Warm dusty golden lighting, dark stone background, stylized realism, 4k resolution."